/*
SQLyog Community v11.0 (64 bit)
MySQL - 5.6.25 : Database - my_pos
*********************************************************************
*/

/*!40101 SET NAMES utf8 */;

/*!40101 SET SQL_MODE=''*/;

/*!40014 SET @OLD_UNIQUE_CHECKS=@@UNIQUE_CHECKS, UNIQUE_CHECKS=0 */;
/*!40014 SET @OLD_FOREIGN_KEY_CHECKS=@@FOREIGN_KEY_CHECKS, FOREIGN_KEY_CHECKS=0 */;
/*!40101 SET @OLD_SQL_MODE=@@SQL_MODE, SQL_MODE='NO_AUTO_VALUE_ON_ZERO' */;
/*!40111 SET @OLD_SQL_NOTES=@@SQL_NOTES, SQL_NOTES=0 */;
CREATE DATABASE /*!32312 IF NOT EXISTS*/`my_pos` /*!40100 DEFAULT CHARACTER SET utf8 */;

USE `my_pos`;

/*Table structure for table `ospos_app_config` */

DROP TABLE IF EXISTS `ospos_app_config`;

CREATE TABLE `ospos_app_config` (
  `key` varchar(255) NOT NULL,
  `value` varchar(255) NOT NULL,
  PRIMARY KEY (`key`)
) ENGINE=InnoDB DEFAULT CHARSET=latin1;

/*Data for the table `ospos_app_config` */

insert  into `ospos_app_config`(`key`,`value`) values ('address','123 Nowhere street'),('company','Open Source Point of Sale'),('default_tax_rate','8'),('email','admin@pappastech.com'),('fax',''),('phone','555-555-5555'),('return_policy','Test'),('timezone','America/New_York'),('website','');

/*Table structure for table `ospos_customers` */

DROP TABLE IF EXISTS `ospos_customers`;

CREATE TABLE `ospos_customers` (
  `person_id` int(10) NOT NULL,
  `account_number` varchar(255) DEFAULT NULL,
  `taxable` int(1) NOT NULL DEFAULT '1',
  `deleted` int(1) NOT NULL DEFAULT '0',
  UNIQUE KEY `account_number` (`account_number`),
  KEY `person_id` (`person_id`),
  CONSTRAINT `ospos_customers_ibfk_1` FOREIGN KEY (`person_id`) REFERENCES `ospos_people` (`person_id`)
) ENGINE=InnoDB DEFAULT CHARSET=latin1;

/*Data for the table `ospos_customers` */

/*Table structure for table `ospos_employees` */

DROP TABLE IF EXISTS `ospos_employees`;

CREATE TABLE `ospos_employees` (
  `username` varchar(255) NOT NULL,
  `password` varchar(255) NOT NULL,
  `person_id` int(10) NOT NULL,
  `deleted` int(1) NOT NULL DEFAULT '0',
  UNIQUE KEY `username` (`username`),
  KEY `person_id` (`person_id`),
  CONSTRAINT `ospos_employees_ibfk_1` FOREIGN KEY (`person_id`) REFERENCES `ospos_people` (`person_id`)
) ENGINE=InnoDB DEFAULT CHARSET=latin1;

/*Data for the table `ospos_employees` */

insert  into `ospos_employees`(`username`,`password`,`person_id`,`deleted`) values ('admin','21232f297a57a5a743894a0e4a801fc3',1,0);

/*Table structure for table `ospos_giftcards` */

DROP TABLE IF EXISTS `ospos_giftcards`;

CREATE TABLE `ospos_giftcards` (
  `giftcard_id` int(11) NOT NULL AUTO_INCREMENT,
  `giftcard_number` varchar(25) COLLATE utf8_unicode_ci NOT NULL,
  `value` double(15,2) NOT NULL,
  `deleted` int(1) NOT NULL DEFAULT '0',
  PRIMARY KEY (`giftcard_id`),
  UNIQUE KEY `giftcard_number` (`giftcard_number`)
) ENGINE=InnoDB AUTO_INCREMENT=48 DEFAULT CHARSET=utf8 COLLATE=utf8_unicode_ci;

/*Data for the table `ospos_giftcards` */

/*Table structure for table `ospos_inventory` */

DROP TABLE IF EXISTS `ospos_inventory`;

CREATE TABLE `ospos_inventory` (
  `trans_id` int(11) NOT NULL AUTO_INCREMENT,
  `trans_items` int(11) NOT NULL DEFAULT '0',
  `trans_user` int(11) NOT NULL DEFAULT '0',
  `trans_date` timestamp NOT NULL DEFAULT CURRENT_TIMESTAMP,
  `trans_comment` text NOT NULL,
  `trans_inventory` int(11) NOT NULL DEFAULT '0',
  PRIMARY KEY (`trans_id`),
  KEY `ospos_inventory_ibfk_1` (`trans_items`),
  KEY `ospos_inventory_ibfk_2` (`trans_user`),
  CONSTRAINT `ospos_inventory_ibfk_1` FOREIGN KEY (`trans_items`) REFERENCES `ospos_items` (`item_id`),
  CONSTRAINT `ospos_inventory_ibfk_2` FOREIGN KEY (`trans_user`) REFERENCES `ospos_employees` (`person_id`)
) ENGINE=InnoDB DEFAULT CHARSET=latin1;

/*Data for the table `ospos_inventory` */

/*Table structure for table `ospos_item_kit_items` */

DROP TABLE IF EXISTS `ospos_item_kit_items`;

CREATE TABLE `ospos_item_kit_items` (
  `item_kit_id` int(11) NOT NULL,
  `item_id` int(11) NOT NULL,
  `quantity` double(15,2) NOT NULL,
  PRIMARY KEY (`item_kit_id`,`item_id`,`quantity`),
  KEY `ospos_item_kit_items_ibfk_2` (`item_id`),
  CONSTRAINT `ospos_item_kit_items_ibfk_1` FOREIGN KEY (`item_kit_id`) REFERENCES `ospos_item_kits` (`item_kit_id`) ON DELETE CASCADE,
  CONSTRAINT `ospos_item_kit_items_ibfk_2` FOREIGN KEY (`item_id`) REFERENCES `ospos_items` (`item_id`) ON DELETE CASCADE
) ENGINE=InnoDB DEFAULT CHARSET=latin1;

/*Data for the table `ospos_item_kit_items` */

/*Table structure for table `ospos_item_kits` */

DROP TABLE IF EXISTS `ospos_item_kits`;

CREATE TABLE `ospos_item_kits` (
  `item_kit_id` int(11) NOT NULL AUTO_INCREMENT,
  `name` varchar(255) NOT NULL,
  `description` varchar(255) NOT NULL,
  PRIMARY KEY (`item_kit_id`)
) ENGINE=InnoDB DEFAULT CHARSET=latin1;

/*Data for the table `ospos_item_kits` */

/*Table structure for table `ospos_items` */

DROP TABLE IF EXISTS `ospos_items`;

CREATE TABLE `ospos_items` (
  `name` varchar(255) NOT NULL,
  `category` varchar(255) NOT NULL,
  `supplier_id` int(11) DEFAULT NULL,
  `item_number` varchar(255) DEFAULT NULL,
  `description` varchar(255) NOT NULL,
  `cost_price` double(15,2) NOT NULL,
  `unit_price` double(15,2) NOT NULL,
  `quantity` double(15,2) NOT NULL DEFAULT '0.00',
  `reorder_level` double(15,2) NOT NULL DEFAULT '0.00',
  `location` varchar(255) NOT NULL,
  `item_id` int(10) NOT NULL AUTO_INCREMENT,
  `allow_alt_description` tinyint(1) NOT NULL,
  `is_serialized` tinyint(1) NOT NULL,
  `deleted` int(1) NOT NULL DEFAULT '0',
  PRIMARY KEY (`item_id`),
  UNIQUE KEY `item_number` (`item_number`),
  KEY `ospos_items_ibfk_1` (`supplier_id`),
  CONSTRAINT `ospos_items_ibfk_1` FOREIGN KEY (`supplier_id`) REFERENCES `ospos_suppliers` (`person_id`)
) ENGINE=InnoDB DEFAULT CHARSET=latin1;

/*Data for the table `ospos_items` */

/*Table structure for table `ospos_items_taxes` */

DROP TABLE IF EXISTS `ospos_items_taxes`;

CREATE TABLE `ospos_items_taxes` (
  `item_id` int(10) NOT NULL,
  `name` varchar(255) NOT NULL,
  `percent` double(15,2) NOT NULL,
  PRIMARY KEY (`item_id`,`name`,`percent`),
  CONSTRAINT `ospos_items_taxes_ibfk_1` FOREIGN KEY (`item_id`) REFERENCES `ospos_items` (`item_id`) ON DELETE CASCADE
) ENGINE=InnoDB DEFAULT CHARSET=latin1;

/*Data for the table `ospos_items_taxes` */

/*Table structure for table `ospos_modules` */

DROP TABLE IF EXISTS `ospos_modules`;

CREATE TABLE `ospos_modules` (
  `name_lang_key` varchar(255) NOT NULL,
  `desc_lang_key` varchar(255) NOT NULL,
  `sort` int(10) NOT NULL,
  `module_id` varchar(255) NOT NULL,
  PRIMARY KEY (`module_id`),
  UNIQUE KEY `desc_lang_key` (`desc_lang_key`),
  UNIQUE KEY `name_lang_key` (`name_lang_key`)
) ENGINE=InnoDB DEFAULT CHARSET=latin1;

/*Data for the table `ospos_modules` */

insert  into `ospos_modules`(`name_lang_key`,`desc_lang_key`,`sort`,`module_id`) values ('module_config','module_config_desc',100,'config'),('module_customers','module_customers_desc',10,'customers'),('module_employees','module_employees_desc',80,'employees'),('module_giftcards','module_giftcards_desc',90,'giftcards'),('module_items','module_items_desc',20,'items'),('module_item_kits','module_item_kits_desc',30,'item_kits'),('module_receivings','module_receivings_desc',60,'receivings'),('module_reports','module_reports_desc',50,'reports'),('module_sales','module_sales_desc',70,'sales'),('module_suppliers','module_suppliers_desc',40,'suppliers');

/*Table structure for table `ospos_people` */

DROP TABLE IF EXISTS `ospos_people`;

CREATE TABLE `ospos_people` (
  `first_name` varchar(255) NOT NULL,
  `last_name` varchar(255) NOT NULL,
  `phone_number` varchar(255) NOT NULL,
  `email` varchar(255) NOT NULL,
  `address_1` varchar(255) NOT NULL,
  `address_2` varchar(255) NOT NULL,
  `city` varchar(255) NOT NULL,
  `state` varchar(255) NOT NULL,
  `zip` varchar(255) NOT NULL,
  `country` varchar(255) NOT NULL,
  `comments` text NOT NULL,
  `person_id` int(10) NOT NULL AUTO_INCREMENT,
  PRIMARY KEY (`person_id`)
) ENGINE=InnoDB AUTO_INCREMENT=2 DEFAULT CHARSET=latin1;

/*Data for the table `ospos_people` */

insert  into `ospos_people`(`first_name`,`last_name`,`phone_number`,`email`,`address_1`,`address_2`,`city`,`state`,`zip`,`country`,`comments`,`person_id`) values ('John','Doe','555-555-5555','admin@pappastech.com','Address 1','','','','','','',1);

/*Table structure for table `ospos_permissions` */

DROP TABLE IF EXISTS `ospos_permissions`;

CREATE TABLE `ospos_permissions` (
  `module_id` varchar(255) NOT NULL,
  `person_id` int(10) NOT NULL,
  PRIMARY KEY (`module_id`,`person_id`),
  KEY `person_id` (`person_id`),
  CONSTRAINT `ospos_permissions_ibfk_1` FOREIGN KEY (`person_id`) REFERENCES `ospos_employees` (`person_id`),
  CONSTRAINT `ospos_permissions_ibfk_2` FOREIGN KEY (`module_id`) REFERENCES `ospos_modules` (`module_id`)
) ENGINE=InnoDB DEFAULT CHARSET=latin1;

/*Data for the table `ospos_permissions` */

insert  into `ospos_permissions`(`module_id`,`person_id`) values ('config',1),('customers',1),('employees',1),('giftcards',1),('items',1),('item_kits',1),('receivings',1),('reports',1),('sales',1),('suppliers',1);

/*Table structure for table `ospos_receivings` */

DROP TABLE IF EXISTS `ospos_receivings`;

CREATE TABLE `ospos_receivings` (
  `receiving_time` timestamp NOT NULL DEFAULT CURRENT_TIMESTAMP,
  `supplier_id` int(10) DEFAULT NULL,
  `employee_id` int(10) NOT NULL DEFAULT '0',
  `comment` text NOT NULL,
  `receiving_id` int(10) NOT NULL AUTO_INCREMENT,
  `payment_type` varchar(20) DEFAULT NULL,
  PRIMARY KEY (`receiving_id`),
  KEY `supplier_id` (`supplier_id`),
  KEY `employee_id` (`employee_id`),
  CONSTRAINT `ospos_receivings_ibfk_1` FOREIGN KEY (`employee_id`) REFERENCES `ospos_employees` (`person_id`),
  CONSTRAINT `ospos_receivings_ibfk_2` FOREIGN KEY (`supplier_id`) REFERENCES `ospos_suppliers` (`person_id`)
) ENGINE=InnoDB DEFAULT CHARSET=latin1;

/*Data for the table `ospos_receivings` */

/*Table structure for table `ospos_receivings_items` */

DROP TABLE IF EXISTS `ospos_receivings_items`;

CREATE TABLE `ospos_receivings_items` (
  `receiving_id` int(10) NOT NULL DEFAULT '0',
  `item_id` int(10) NOT NULL DEFAULT '0',
  `description` varchar(30) DEFAULT NULL,
  `serialnumber` varchar(30) DEFAULT NULL,
  `line` int(3) NOT NULL,
  `quantity_purchased` int(10) NOT NULL DEFAULT '0',
  `item_cost_price` decimal(15,2) NOT NULL,
  `item_unit_price` double(15,2) NOT NULL,
  `discount_percent` int(11) NOT NULL DEFAULT '0',
  PRIMARY KEY (`receiving_id`,`item_id`,`line`),
  KEY `item_id` (`item_id`),
  CONSTRAINT `ospos_receivings_items_ibfk_1` FOREIGN KEY (`item_id`) REFERENCES `ospos_items` (`item_id`),
  CONSTRAINT `ospos_receivings_items_ibfk_2` FOREIGN KEY (`receiving_id`) REFERENCES `ospos_receivings` (`receiving_id`)
) ENGINE=InnoDB DEFAULT CHARSET=latin1;

/*Data for the table `ospos_receivings_items` */

/*Table structure for table `ospos_sales` */

DROP TABLE IF EXISTS `ospos_sales`;

CREATE TABLE `ospos_sales` (
  `sale_time` timestamp NOT NULL DEFAULT CURRENT_TIMESTAMP,
  `customer_id` int(10) DEFAULT NULL,
  `employee_id` int(10) NOT NULL DEFAULT '0',
  `comment` text NOT NULL,
  `sale_id` int(10) NOT NULL AUTO_INCREMENT,
  `payment_type` varchar(512) DEFAULT NULL,
  PRIMARY KEY (`sale_id`),
  KEY `customer_id` (`customer_id`),
  KEY `employee_id` (`employee_id`),
  CONSTRAINT `ospos_sales_ibfk_1` FOREIGN KEY (`employee_id`) REFERENCES `ospos_employees` (`person_id`),
  CONSTRAINT `ospos_sales_ibfk_2` FOREIGN KEY (`customer_id`) REFERENCES `ospos_customers` (`person_id`)
) ENGINE=InnoDB DEFAULT CHARSET=latin1;

/*Data for the table `ospos_sales` */

/*Table structure for table `ospos_sales_items` */

DROP TABLE IF EXISTS `ospos_sales_items`;

CREATE TABLE `ospos_sales_items` (
  `sale_id` int(10) NOT NULL DEFAULT '0',
  `item_id` int(10) NOT NULL DEFAULT '0',
  `description` varchar(30) DEFAULT NULL,
  `serialnumber` varchar(30) DEFAULT NULL,
  `line` int(3) NOT NULL DEFAULT '0',
  `quantity_purchased` double(15,2) NOT NULL DEFAULT '0.00',
  `item_cost_price` decimal(15,2) NOT NULL,
  `item_unit_price` double(15,2) NOT NULL,
  `discount_percent` int(11) NOT NULL DEFAULT '0',
  PRIMARY KEY (`sale_id`,`item_id`,`line`),
  KEY `item_id` (`item_id`),
  CONSTRAINT `ospos_sales_items_ibfk_1` FOREIGN KEY (`item_id`) REFERENCES `ospos_items` (`item_id`),
  CONSTRAINT `ospos_sales_items_ibfk_2` FOREIGN KEY (`sale_id`) REFERENCES `ospos_sales` (`sale_id`)
) ENGINE=InnoDB DEFAULT CHARSET=latin1;

/*Data for the table `ospos_sales_items` */

/*Table structure for table `ospos_sales_items_taxes` */

DROP TABLE IF EXISTS `ospos_sales_items_taxes`;

CREATE TABLE `ospos_sales_items_taxes` (
  `sale_id` int(10) NOT NULL,
  `item_id` int(10) NOT NULL,
  `line` int(3) NOT NULL DEFAULT '0',
  `name` varchar(255) NOT NULL,
  `percent` double(15,2) NOT NULL,
  PRIMARY KEY (`sale_id`,`item_id`,`line`,`name`,`percent`),
  KEY `item_id` (`item_id`),
  CONSTRAINT `ospos_sales_items_taxes_ibfk_1` FOREIGN KEY (`sale_id`) REFERENCES `ospos_sales_items` (`sale_id`),
  CONSTRAINT `ospos_sales_items_taxes_ibfk_2` FOREIGN KEY (`item_id`) REFERENCES `ospos_items` (`item_id`)
) ENGINE=InnoDB DEFAULT CHARSET=latin1;

/*Data for the table `ospos_sales_items_taxes` */

/*Table structure for table `ospos_sales_payments` */

DROP TABLE IF EXISTS `ospos_sales_payments`;

CREATE TABLE `ospos_sales_payments` (
  `sale_id` int(10) NOT NULL,
  `payment_type` varchar(40) NOT NULL,
  `payment_amount` decimal(15,2) NOT NULL,
  PRIMARY KEY (`sale_id`,`payment_type`),
  CONSTRAINT `ospos_sales_payments_ibfk_1` FOREIGN KEY (`sale_id`) REFERENCES `ospos_sales` (`sale_id`)
) ENGINE=InnoDB DEFAULT CHARSET=latin1;

/*Data for the table `ospos_sales_payments` */

/*Table structure for table `ospos_sales_suspended` */

DROP TABLE IF EXISTS `ospos_sales_suspended`;

CREATE TABLE `ospos_sales_suspended` (
  `sale_time` timestamp NOT NULL DEFAULT CURRENT_TIMESTAMP,
  `customer_id` int(10) DEFAULT NULL,
  `employee_id` int(10) NOT NULL DEFAULT '0',
  `comment` text NOT NULL,
  `sale_id` int(10) NOT NULL AUTO_INCREMENT,
  `payment_type` varchar(512) DEFAULT NULL,
  PRIMARY KEY (`sale_id`),
  KEY `customer_id` (`customer_id`),
  KEY `employee_id` (`employee_id`),
  CONSTRAINT `ospos_sales_suspended_ibfk_1` FOREIGN KEY (`employee_id`) REFERENCES `ospos_employees` (`person_id`),
  CONSTRAINT `ospos_sales_suspended_ibfk_2` FOREIGN KEY (`customer_id`) REFERENCES `ospos_customers` (`person_id`)
) ENGINE=InnoDB DEFAULT CHARSET=latin1;

/*Data for the table `ospos_sales_suspended` */

/*Table structure for table `ospos_sales_suspended_items` */

DROP TABLE IF EXISTS `ospos_sales_suspended_items`;

CREATE TABLE `ospos_sales_suspended_items` (
  `sale_id` int(10) NOT NULL DEFAULT '0',
  `item_id` int(10) NOT NULL DEFAULT '0',
  `description` varchar(30) DEFAULT NULL,
  `serialnumber` varchar(30) DEFAULT NULL,
  `line` int(3) NOT NULL DEFAULT '0',
  `quantity_purchased` double(15,2) NOT NULL DEFAULT '0.00',
  `item_cost_price` decimal(15,2) NOT NULL,
  `item_unit_price` double(15,2) NOT NULL,
  `discount_percent` int(11) NOT NULL DEFAULT '0',
  PRIMARY KEY (`sale_id`,`item_id`,`line`),
  KEY `item_id` (`item_id`),
  CONSTRAINT `ospos_sales_suspended_items_ibfk_1` FOREIGN KEY (`item_id`) REFERENCES `ospos_items` (`item_id`),
  CONSTRAINT `ospos_sales_suspended_items_ibfk_2` FOREIGN KEY (`sale_id`) REFERENCES `ospos_sales_suspended` (`sale_id`)
) ENGINE=InnoDB DEFAULT CHARSET=latin1;

/*Data for the table `ospos_sales_suspended_items` */

/*Table structure for table `ospos_sales_suspended_items_taxes` */

DROP TABLE IF EXISTS `ospos_sales_suspended_items_taxes`;

CREATE TABLE `ospos_sales_suspended_items_taxes` (
  `sale_id` int(10) NOT NULL,
  `item_id` int(10) NOT NULL,
  `line` int(3) NOT NULL DEFAULT '0',
  `name` varchar(255) NOT NULL,
  `percent` double(15,2) NOT NULL,
  PRIMARY KEY (`sale_id`,`item_id`,`line`,`name`,`percent`),
  KEY `item_id` (`item_id`),
  CONSTRAINT `ospos_sales_suspended_items_taxes_ibfk_1` FOREIGN KEY (`sale_id`) REFERENCES `ospos_sales_suspended_items` (`sale_id`),
  CONSTRAINT `ospos_sales_suspended_items_taxes_ibfk_2` FOREIGN KEY (`item_id`) REFERENCES `ospos_items` (`item_id`)
) ENGINE=InnoDB DEFAULT CHARSET=latin1;

/*Data for the table `ospos_sales_suspended_items_taxes` */

/*Table structure for table `ospos_sales_suspended_payments` */

DROP TABLE IF EXISTS `ospos_sales_suspended_payments`;

CREATE TABLE `ospos_sales_suspended_payments` (
  `sale_id` int(10) NOT NULL,
  `payment_type` varchar(40) NOT NULL,
  `payment_amount` decimal(15,2) NOT NULL,
  PRIMARY KEY (`sale_id`,`payment_type`),
  CONSTRAINT `ospos_sales_suspended_payments_ibfk_1` FOREIGN KEY (`sale_id`) REFERENCES `ospos_sales_suspended` (`sale_id`)
) ENGINE=InnoDB DEFAULT CHARSET=latin1;

/*Data for the table `ospos_sales_suspended_payments` */

/*Table structure for table `ospos_sessions` */

DROP TABLE IF EXISTS `ospos_sessions`;

CREATE TABLE `ospos_sessions` (
  `session_id` varchar(40) NOT NULL DEFAULT '0',
  `ip_address` varchar(16) NOT NULL DEFAULT '0',
  `user_agent` varchar(50) NOT NULL,
  `last_activity` int(10) unsigned NOT NULL DEFAULT '0',
  `user_data` text,
  PRIMARY KEY (`session_id`)
) ENGINE=InnoDB DEFAULT CHARSET=latin1;

/*Data for the table `ospos_sessions` */

insert  into `ospos_sessions`(`session_id`,`ip_address`,`user_agent`,`last_activity`,`user_data`) values ('beeaa2624cd9fe7342fd6b677cf6ff1b','0.0.0.0','Mozilla/5.0 (Windows NT 10.0; WOW64; rv:45.0) Geck',1459143742,NULL);

/*Table structure for table `ospos_suppliers` */

DROP TABLE IF EXISTS `ospos_suppliers`;

CREATE TABLE `ospos_suppliers` (
  `person_id` int(10) NOT NULL,
  `company_name` varchar(255) NOT NULL,
  `account_number` varchar(255) DEFAULT NULL,
  `deleted` int(1) NOT NULL DEFAULT '0',
  UNIQUE KEY `account_number` (`account_number`),
  KEY `person_id` (`person_id`),
  CONSTRAINT `ospos_suppliers_ibfk_1` FOREIGN KEY (`person_id`) REFERENCES `ospos_people` (`person_id`)
) ENGINE=InnoDB DEFAULT CHARSET=latin1;

/*Data for the table `ospos_suppliers` */

/*!40101 SET SQL_MODE=@OLD_SQL_MODE */;
/*!40014 SET FOREIGN_KEY_CHECKS=@OLD_FOREIGN_KEY_CHECKS */;
/*!40014 SET UNIQUE_CHECKS=@OLD_UNIQUE_CHECKS */;
/*!40111 SET SQL_NOTES=@OLD_SQL_NOTES */;
